USE UnlaAutomotriz;
-- ******************************************DML***************************************************************
INSERT INTO Linea_montaje(id_linea) values
(1),
(2);

INSERT INTO Estacion_trabajo(id_estacion, nombre, cod_linea) values
-- Modelo 1
(1,"Chasis",1),
(2,"Tren delantero y trasero",1),
(3,"Pintura",1),
(4,"Banco de prueba y Motorizacion",1),
(5,"Eelectricidad",1),
-- Modelo 2
(6,"Chasis",2),
(7,"Tren delantero y trasero",2),
(8,"Pintura",2),
(9,"Banco de prueba y Motorizacion",2),
(10,"Eelectricidad",2);

INSERT INTO Insumo(id_insumo, descripcion) values
(1,"Tubo"),
(2,"Viga"),
(3,"Tornillo"),
(4,"Aluminio"),
(5,"Bujes parrilla superior"),
(6,"Bujes parilla inferior chico"),
(7,"Amortiguador"),
(8,"Bujes parrila inferior grande"),
(9,"Aerosol"),
(10,"Masilla"),
(11,"Thinner"),
(12,"Aceite"),
(13,"Freno"),
(14,"Correa"),
(15,"Fusible"),
(16,"Cable"),
(17,"Bateria");

INSERT INTO Proveedor(id_proveedor, nombre) values
(1,"Robert Bosch GmbH"),
(2,"ZF Friedrichshafen AG"),
(3,"Magna International Inc"),
(4,"Denso Corporation"),
(5,"Continental AG"),
(6,"Aisin Seiki Co"),
(7,"Hyundai Mobis"),
(8,"Faurecia S.A"),
(9,"Lear Corporation"),
(10,"Valeo S.A");

INSERT INTO Auto_proveedor(cod_proveedor, cod_insumo) values
(1,1),
(2,2),
(3,3),
(4,4),
(5,5),
(6,6),
(7,7),
(8,8),
(9,9),
(10,10),
(1,2),
(2,1),
(3,4),
(4,3),
(5,4),
(6,5),
(7,6),
(8,7),
(9,8),
(10,9),
(1,11),
(2,12),
(3,13),
(4,14),
(5,15),
(6,16),
(7,17),
(1,14),
(2,17),
(3,16),
(4,16),
(5,13),
(5,14),
(8,16),
(7,16),
(10,12);

INSERT INTO Detalle_insumo(codigo_estacion, codigo_insumo, cantidad, precio) values
-- Modelo 1
(1,1,1,299.25),
(1,2,1,500.00),
(1,3,270,7.73),
(1,4,2,195.00),
(2,5,1,690.00),
(2,6,1,1306.67),
(2,7,1,1466.7),
(2,8,1,1210.00),
(3,4,2,390.00),
(3,9,2,601.91),
(3,10,2,560.00),
(3,11,1,693.00),
(4,3,650,5024.50),
(4,12,2,550.97),
(4,13,1,3480.68),
(4,14,1,500.00),
(5,5,1,690.00),
(5,15,4,60.00),
(5,16,3,90.00),
(5,17,1,9740.00),
-- Modelo 2
(6,1,1,300.00),
(6,2,1,545.00),
(6,3,300,7.73),
(6,4,3,225.20),
(7,5,1,692.00),
(7,6,1,1200.67),
(7,7,1,1500.90),
(7,8,1,1210.00),
(8,4,4,225.20),
(8,9,2,601.91),
(8,10,1,560.00),
(8,11,1,693.00),
(9,3,700,7.73),
(9,12,2,550.97),
(9,13,1,3720.50),
(9,14,1,700.00),
(10,5,1,692.00),
(10,15,5,85.00),
(10,16,4,90.00),
(10,17,1,10502.30);

INSERT INTO Modelo(id_modelo, nombre, codigo_linea) values
(1,"Ford F150",1),
(2,"Ford Ranger xlt black widow",2);

INSERT INTO Concesionaria(id_concesionaria, nombre) values
(1,"FORCOR S.A"),
(2,"ROAS S.A"),
(3,"ORGANIZACION SUR AUTOMOTORES S.A"),
(4,"AUTOSTOP S.A"),
(5,"LOWE Y CIA S.A.I.C.F.I");

INSERT INTO Pedido(id_pedido, fecha_pedido, cod_concesionaria) values
(1,'2019/01/02',1),
(2,'2019/02/15',2),
(3,'2019/04/05',3);

INSERT INTO Detalle_pedido(cod_pedido, cod_modelo, cantidad) values
(1,1,4),
(1,2,3),
(2,1,5),
(2,2,6),
(3,1,4),
(3,2,4);

INSERT INTO Auto(chasis, codigo_pedido, codigo_modelo) values
(3869871,1,1),
(3564897,1,1),
(1569874,1,1),
(2564798,1,1),
(1593874,2,1),
(3216987,2,1),
(1475826,2,1),
(3698741,2,1),
(9632147,2,1),
(1234567,3,1),
(9876543,3,1),
(1245989,3,1),
(2587414,3,1),
(9635874,1,2),
(7458963,1,2),
(6598321,1,2),
(4679314,2,2),
(3971648,2,2),
(1832796,2,2),
(3869877,2,2),
(9638741,2,2),
(6549823,2,2),
(1782697,3,2),
(3496716,3,2),
(3712303,3,2),
(1425869,3,2);

INSERT INTO Auto_en_produccion(cod_chasis, cod_estacion, fecha_hora_ingreso, fecha_hora_egreso) values
-- ******* Autos-> Pedido 1 Fecha: 2019/01/02 ***************************
-- Auto 1
(3869871,1,'2019/01/02 09:00:00','2019/01/06 20:30:00'),
(3869871,2,'2019/01/02 09:32:00','2019/01/04 18:15:25'),
(3869871,3,'2019/01/02 09:16:00','2019/01/02 15:10:00'),
(3869871,4,'2019/01/02 09:00:00','2019/01/09 12:00:00'),
(3869871,5,'2019/01/02 09:30:00','2019/01/05 14:20:00'),
-- Auto 2
(3564897,1,'2019/01/07 09:00:00','2019/01/10 21:30:00'),
(3564897,2,'2019/01/04 19:00:00','2019/01/05 18:15:25'),
(3564897,3,'2019/01/02 15:20:00','2019/01/02 21:10:00'),
(3564897,4,'2019/01/09 13:00:00','2019/01/16 19:00:30'),
(3564897,5,'2019/01/05 14:50:00','2019/01/08 21:30:00'),
-- Auto 3
(1569874,1,'2019/01/11 09:02:00','2019/01/16 20:30:00'),
(1569874,2,'2019/01/06 09:32:00','2019/01/08 18:15:25'),
(1569874,3,'2019/01/03 09:00:00','2019/01/03 15:10:00'),
(1569874,4,'2019/01/16 20:20:35','2019/01/22 12:24:30'),
(1569874,5,'2019/01/09 09:00:00','2019/01/12 13:30:12'),
-- Auto 4
(2564798,1,'2019/01/17 09:03:00','2019/01/21 20:30:00'),
(2564798,2,'2019/01/10 19:32:00','2019/01/15 21:15:25'),
(2564798,3,'2019/01/06 09:16:00','2019/01/06 15:10:00'),
(2564798,4,'2019/01/22 13:00:30','2019/01/29 16:52:02'),
(2564798,5,'2019/01/12 14:11:12','2019/01/17 09:41:00'),
-- Auto 5
(9635874,1,'2019/01/22 09:20:00','2019/01/25 20:30:00'),
(9635874,2,'2019/01/16 09:32:00','2019/01/19 20:15:25'),
(9635874,3,'2019/01/12 09:15:00','2019/01/12 16:10:00'),
(9635874,4,'2019/01/29 17:23:21','2019/02/04 11:20:21'),
(9635874,5,'2019/01/17 11:22:00','2019/01/23 09:40:00'),
-- Auto 6
(6598321,1,'2019/01/26 09:00:01','2019/01/30 20:30:00'),
(6598321,2,'2019/01/20 16:32:00','2019/01/22 10:15:25'),
(6598321,3,'2019/01/20 09:16:00','2019/01/20 15:10:00'),
(6598321,4,'2019/02/04 11:40:01','2019/02/12 09:05:00'),
(6598321,5,'2019/01/23 10:07:23','2019/01/27 10:30:00'),
-- Auto 7
(7458963,1,'2019/01/31 09:00:05','2019/02/04 20:30:00'),
(7458963,2,'2019/01/23 09:00:00','2019/01/24 21:15:25'),
(7458963,3,'2019/01/23 09:16:00','2019/01/26 15:10:00'),
(7458963,4,'2019/02/12 10:06:00','2019/02/16 16:02:00'),
(7458963,5,'2019/01/27 16:30:00','2019/01/31 09:05:00'),
-- **************** Autos-> pedido 2 Fecha: 2019/02/15 ************************ 
-- Auto 1
(1475826,1,'2019/02/15 09:00:00','2019/02/18 09:26:21'),
(1475826,2,'2019/02/15 09:00:00','2019/02/20 11:32:00'),
(1475826,3,'2019/02/15 09:00:00','2019/02/17 14:02:41'),
(1475826,4,'2019/02/15 09:00:00','2019/02/21 16:00:00'),
(1475826,5,'2019/02/15 09:00:00','2019/02/19 09:40:01'),
-- Auto2
(1593874,1,'2019/02/18 09:45:11','2019/02/21 10:22:00'),
(1593874,2,'2019/02/20 12:27:17','2019/02/28 10:51:00'),
(1593874,3,'2019/03/17 15:00:00','2019/02/19 09:22:00'),
(1593874,4,'2019/03/21 17:36:16','2019/02/26 09:05:31'),
(1593874,5,'2019/02/19 10:07:46','2019/02/22 15:00:03'),
-- Auto 3
(1832796,1,'2019/02/21 12:00:00','2019/02/25 09:00:00'),
(1832796,2,'2019/02/28 11:04:00','2019/03/05 12:49:03'),
(1832796,3,'2019/02/19 12:51:33','2019/02/21 10:05:40'),
(1832796,4,'2019/02/26 10:08:12','2019/03/02 09:00:02'),
(1832796,5,'2019/02/22 16:03:00','2019/02/26 21:00:00'),
-- Auto 4
(3216987,1,'2019/02/25 09:30:00','2019/02/28 09:36:52'),
(3216987,2,'2019/03/05 13:30:00','2019/03/11 17:36:52'),
(3216987,3,'2019/03/21 10:12:00','2019/03/23 13:07:00'),
(3216987,4,'2019/03/02 10:00:00','2019/03/09 15:03:00'),
(3216987,5,'2019/02/27 09:10:00','2019/03/02 09:00:00'),
-- Auto 5
(3698741,1,'2019/02/28 11:00:00','2019/03/03 09:20:20'),
(3698741,2,'2019/03/11 18:15:25','2019/03/16 09:30:00'),
(3698741,3,'2019/03/22 13:15:12','2019/03/24 12:20:00'),
(3698741,4,'2019/03/09 16:11:11','2019/03/14 12:05:00'),
(3698741,5,'2019/03/02 09:43:05','2019/03/06 12:30:00'),
-- Auto 6
(3869877,1,'2019/03/04 09:05:00','2019/03/07 15:21:00'),
(3869877,2,'2019/03/16 10:12:00','2019/03/21 09:30:00'),
(3869877,3,'2019/03/24 12:42:00','2019/03/27 09:00:00'),
(3869877,4,'2019/03/14 15:12:00','2019/03/20 16:11:00'),
-- Auto 7
(3971648,1,'2019/03/07 16:12:00','2019/03/09 14:32:00'),
(3971648,2,'2019/03/21 12:22:00','2019/03/26 11:01:03'),
(3971648,3,'2019/03/27 10:10:00','2019/03/29 10:40:11'),
-- Auto 8
(4679314,1,'2019/03/09 15:00:00','2019/03/13 09:23:00'),
(4679314,2,'2019/03/26 13:25:00','2019/03/31 10:30:00'),
(4679314,3,'2019/03/29 11:00:00','2019/03/31 13:00:02'),
-- Auto 9
(6549823,1,'2019/03/13 10:00:12','2019/03/16 09:22:32'),
(6549823,2,'2019/03/31 11:23:13','2019/04/04 10:12:00'),
-- Auto 10
(9632147,1,'2019/03/16 10:10:11','2019/03/18 09:36:00'),
-- Auto 11
(9638741,1,'2019/03/18 10:30:00','2019/03/20 10:51:51'),
-- **************** Autos-> pedido 3 Fecha: 2019/04/05 ************************
-- Auto 1
(1234567,1,'2019/04/05 09:00:00','2019/04/08 09:17:00'),
(1234567,2,'2019/04/05 09:00:00','2019/04/10 10:35:00'),
(1234567,3,'2019/04/05 09:00:00','2019/04/08 13:00:00'),
-- Auto 2
(1245989,1,'2019/04/08 09:18:00','2019/04/12 09:32:36'),
(1245989,2,'2019/04/10 11:57:00','2019/04/14 11:11:11'),
(1245989,3,'2019/04/08 14:12:00','2019/04/10 14:13:01'),
-- Auto 3
(1782697,1,'2019/04/12 10:00:00','2019/04/15 09:20:00'),
(1782697,2,'2019/04/14 12:00:00','2019/04/19 18:00:00'),
(1782697,3,'2019/04/10 15:20:00','2019/04/12 09:21:00'),
-- Auto 4
(2587414,1,'2019/04/15 11:00:00','2019/04/18 10:30:00'),
(2587414,2,'2019/04/19 20:20:00','2019/04/24 09:25:00'),
-- Auto 5
(3496716,1,'2019/04/18 12:00:00','2019/04/20 09:00:00'),
(3496716,2,'2019/04/24 10:00:00','2019/04/26 21:25:36'),
-- Auto 6
(3712303,1,'2019/04/23 16:32:00','2019/04/26 09:12:00'),
-- Auto 7
(9876543,1,'2019/04/26 10:12:00','2019/04/28 21:52:00');


